<?xml version="1.0" encoding="ISO-8859-15"?>
<uc-export clientvers="11.2.0-dev+main.build.2327">
<DOCU name="PCK.TK_7ZIP.PUB.DOC">
<HEADER state="1">
<Title>Pack Documentation</Title>
<ArchiveKey1/>
<ArchiveKey2/>
<OH_SubType/>
</HEADER>
<DOCU_Docu state="1" type="text">
<DOC><![CDATA[Contains actions to manipulate file archives using 7zip utility on a Windows system.

# Supported Versions

Tested with 7-Zip v 15.14 (31-12-2015)

# Setup

- Powershell V2 is required on the target host.
- 7-Zip is required on target host. Download form www.7-zip.org
]]></DOC>
</DOCU_Docu>
</DOCU>
</uc-export>